{
    "level": [
        {
            "type": "spritesheet",
            "key": "items",
            "url": "assets/sprites/items.png",
            "frameWidth": 16,
            "frameHeight": 16,
            "frameMax": -1,
            "margin": 0,
            "spacing": 0
        },
        {
            "type": "spritesheet",
            "key": "meter",
            "url": "assets/sprites/meter.png",
            "frameWidth": 28,
            "frameHeight": 7,
            "frameMax": -1,
            "margin": 0,
            "spacing": 0
        },
        {
            "type": "spritesheet",
            "key": "player",
            "url": "assets/sprites/player.png",
            "frameWidth": 16,
            "frameHeight": 16,
            "frameMax": -1,
            "margin": 0,
            "spacing": 0
        },
        {
            "type": "spritesheet",
            "key": "tiles",
            "url": "assets/sprites/tiles.png",
            "frameWidth": 16,
            "frameHeight": 16,
            "frameMax": -1,
            "margin": 0,
            "spacing": 0
        },
        {
            "type": "spritesheet",
            "key": "enemies",
            "url": "assets/sprites/enemies.png",
            "frameWidth": 16,
            "frameHeight": 16,
            "frameMax": -1,
            "margin": 0,
            "spacing": 0
        },
        {
            "type": "script",
            "key": "scene",
            "url": "assets/scenes/Scene1.js"
        },
        {
            "type": "image",
            "key": "p",
            "url": "assets/sprites/physics.png",
            "overwrite": false
        },
        {
            "type": "spritesheet",
            "key": "mario_nes_tileset",
            "url": "assets/sprites/mario_nes_tileset.png",
            "frameWidth": 32,
            "frameHeight": 32,
            "frameMax": -1,
            "margin": 0,
            "spacing": 0
        },
        {
            "type": "spritesheet",
            "key": "mario_nes_small",
            "url": "assets/sprites/mario_nes_small.png",
            "frameWidth": 32,
            "frameHeight": 32,
            "frameMax": -1,
            "margin": 0,
            "spacing": 0
        },
        {
            "type": "script",
            "key": "scene2",
            "url": "assets/scenes/Scene2.js"
        },
        {
            "type": "image",
            "key": "gun_machinegun",
            "url": "assets/sprites/guns/guns_04.png",
            "overwrite": false
        },
        {
            "type": "image",
            "key": "tetris_t",
            "url": "assets/sprites/tetris_t.png",
            "overwrite": false
        },
        {
            "type": "image",
            "key": "turret01",
            "url": "assets/sprites/turrets/turret01.png",
            "overwrite": false
        },
        {
            "type": "spritesheet",
            "key": "healthbar",
            "url": "assets/sprites/healthbar_sheet.png",
            "frameWidth": 2,
            "frameHeight": 5,
            "frameMax": -1,
            "margin": 0,
            "spacing": 0
        },
        {
            "type": "image",
            "key": "metalslug",
            "url": "assets/sprites/backgrounds/metalslug.png",
            "overwrite": false
        },
        {
            "type": "image",
            "key": "metalslug_fg",
            "url": "assets/sprites/foregrounds/metalslug.png",
            "overwrite": false
        },
        {
            "type": "image",
            "key": "bulletbill_lg",
            "url": "assets/sprites/enemies/mario_01.png",
            "overwrite": false
        },
        {
            "type": "image",
            "key": "bulletbill_sm",
            "url": "assets/sprites/enemies/mario_03.png",
            "overwrite": false
        },
        {
            "type": "spritesheet",
            "key": "explosion_sm",
            "url": "assets/sprites/explosions/explosion_sm.png",
            "frameWidth": 103,
            "frameHeight": 97,
            "frameMax": -1,
            "margin": 0,
            "spacing": 0
        },
        {
            "type": "spritesheet",
            "key": "water_temple",
            "url": "assets/sprites/backgrounds/water_temple_1x8.png",
            "frameWidth": 1024,
            "frameHeight": 384,
            "frameMax": -1,
            "margin": 0,
            "spacing": 0
        },
        {
            "type": "spritesheet",
            "key": "water_temple_outside",
            "url": "assets/sprites/backgrounds/water_temple_outside_1x8.png",
            "frameWidth": 800,
            "frameHeight": 330,
            "frameMax": -1,
            "margin": 0,
            "spacing": 0
        },
        {
            "type": "spritesheet",
            "key": "factory",
            "url": "assets/sprites/backgrounds/factory_1x8.png",
            "frameWidth": 752,
            "frameHeight": 224,
            "frameMax": -1,
            "margin": 0,
            "spacing": 0
        },
        {
            "type": "spritesheet",
            "key": "digdug",
            "url": "assets/sprites/enemies/dig_dug_sprite.png",
            "frameWidth": 15,
            "frameHeight": 14,
            "frameMax": -1,
            "margin": 0,
            "spacing": 0
        },
        {
            "type": "spritesheet",
            "key": "gun_laser",
            "url": "assets/sprites/weapons/lasercannon.png",
            "frameWidth": 73,
            "frameHeight": 30,
            "frameMax": -1,
            "margin": 0,
            "spacing": 0
        },
        {
            "type": "spritesheet",
            "key": "laser_beam",
            "url": "assets/sprites/weapons/laser_beam.png",
            "frameWidth": 30,
            "frameHeight": 30,
            "frameMax": -1,
            "margin": 0,
            "spacing": 0
        },
        {
            "type": "spritesheet",
            "key": "mario_mole",
            "url": "assets/sprites/enemies/mario_mole.png",
            "frameWidth": 32,
            "frameHeight": 32,
            "frameMax": -1,
            "margin": 0,
            "spacing": 0
        },
        {
            "type": "spritesheet",
            "key": "joust_bird",
            "url": "assets/sprites/enemies/joust_bird.png",
            "frameWidth": 16,
            "frameHeight": 24,
            "frameMax": -1,
            "margin": 0,
            "spacing": 0
        },
        {
            "type": "spritesheet",
            "key": "robolady",
            "url": "assets/sprites/enemies/robolady.png",
            "frameWidth": 14,
            "frameHeight": 26,
            "frameMax": -1,
            "margin": 0,
            "spacing": 0
        },
        {
            "type": "spritesheet",
            "key": "marge",
            "url": "assets/sprites/enemies/marge_simpson.png",
            "frameWidth": 42,
            "frameHeight": 77,
            "frameMax": -1,
            "margin": 0,
            "spacing": 0
        },
        {
            "type": "atlas",
            "key": "atlas",
            "textureURL": "assets/test.png",
            "atlasURL": "assets/test.json",
            "format": "TEXTURE_ATLAS_JSON_HASH"
        },
        {
            "type": "audio",
            "key": "mario_1",
            "urls": [
                "assets/audio/mario_1.mp3",
                "assets/audio/mario_1.ogg"
            ],
            "autoDecode": true
        },
        {
            "type": "audio",
            "key": "mario_clean",
            "urls": [
                "assets/audio/mario_clean.mp3",
                "assets/audio/mario_clean.ogg"
            ],
            "autoDecode": true
        },
        {
            "type": "audio",
            "key": "mario_2",
            "urls": [
                "assets/audio/mario_2.mp3",
                "assets/audio/mario_2.ogg"
            ],
            "autoDecode": true
        },
        {
            "type": "audio",
            "key": "snatcher",
            "urls": [
                "assets/audio/snatcher.mp3",
                "assets/audio/snatcher.ogg"
            ],
            "autoDecode": true
        },
        {
            "type": "image",
            "key": "gun_rocket",
            "url": "assets/sprites/guns/rocketlauncher.png",
            "overwrite": false
        },
        {
            "type": "image",
            "key": "gun_tesla",
            "url": "assets/sprites/guns/tesla_cannon.png",
            "overwrite": false
        },
        {
            "type": "image",
            "key": "missile01",
            "url": "assets/sprites/bullets/missile01.png",
            "overwrite": false
        },
        {
            "type": "spritesheet",
            "key": "missile02",
            "url": "assets/sprites/bullets/missile02.png",
            "frameWidth": 12,
            "frameHeight": 46,
            "frameMax": -1,
            "margin": 0,
            "spacing": 0
        },
        {
            "type": "spritesheet",
            "key": "lightning01",
            "url": "assets/sprites/weapons/lightning01.png",
            "frameWidth": 148,
            "frameHeight": 361,
            "frameMax": -1,
            "margin": 0,
            "spacing": 0
        },
        {
            "type": "image",
            "key": "gradius_boss",
            "url": "assets/sprites/enemies/gradius_boss.png",
            "overwrite": false
        },
        {
            "type": "image",
            "key": "turret02",
            "url": "assets/sprites/turrets/turret02.png",
            "overwrite": false
        },
        {
            "type": "image",
            "key": "turret03",
            "url": "assets/sprites/turrets/turret03.png",
            "overwrite": false
        },
        {
            "type": "image",
            "key": "ui_dialog_box",
            "url": "assets/sprites/ui/dialog_box.png",
            "overwrite": false
        },
        {
            "type": "image",
            "key": "ui_portrait_box",
            "url": "assets/sprites/ui/portrait_box.png",
            "overwrite": false
        },
        {
            "type": "spritesheet",
            "key": "peppy_portrait",
            "url": "assets/sprites/ui/pepe_portrait.png",
            "frameWidth": 120,
            "frameHeight": 118,
            "frameMax": -1,
            "margin": 0,
            "spacing": 0
        },
        {
            "type": "spritesheet",
            "key": "desat_tiles",
            "url": "assets/sprites/ui/desat_tiles.png",
            "frameWidth": 50,
            "frameHeight": 50,
            "frameMax": -1,
            "margin": 0,
            "spacing": 0
        },
        {
            "type": "spritesheet",
            "key": "george_portrait",
            "url": "assets/sprites/ui/george_portrait.png",
            "frameWidth": 150,
            "frameHeight": 159,
            "frameMax": -1,
            "margin": 0,
            "spacing": 0
        },
        {
            "type": "audio",
            "key": "meo_rescueme",
            "urls": [
                "assets/audio/meo_rescueme.mp3",
                "assets/audio/meo_rescueme.ogg"
            ],
            "autoDecode": true
        },
        {
            "type": "spritesheet",
            "key": "romero_portrait",
            "url": "assets/sprites/ui/romero_portrait.png",
            "frameWidth": 64,
            "frameHeight": 87,
            "frameMax": -1,
            "margin": 0,
            "spacing": 0
        },
        {
            "type": "spritesheet",
            "key": "background_final_1x8",
            "url": "assets/sprites/backgrounds/background_final_1x8.png",
            "frameWidth": 752,
            "frameHeight": 224,
            "frameMax": -1,
            "margin": 0,
            "spacing": 0
        },
        {
            "type": "spritesheet",
            "key": "breakout_blocks",
            "url": "assets/sprites/breakout_blocks.png",
            "frameWidth": 7,
            "frameHeight": 15,
            "frameMax": -1,
            "margin": 0,
            "spacing": 0
        },
        {
            "type": "image",
            "key": "rust_block",
            "url": "assets/sprites/backgrounds/rust_block.png",
            "overwrite": false
        },
        {
            "type": "image",
            "key": "crosshair",
            "url": "assets/sprites/crosshair.png",
            "overwrite": false
        },
        {
            "type": "image",
            "key": "mario_castle",
            "url": "assets/sprites/mario_castle.png",
            "overwrite": false
        },
        {
            "type": "image",
            "key": "mario_flag",
            "url": "assets/sprites/mario_flag.png",
            "overwrite": false
        },
        {
            "type": "audio",
            "key": "sfx_charge",
            "urls": [
                "assets/audio/sfx_charge.mp3",
                "assets/audio/sfx_charge.ogg"
            ],
            "autoDecode": true
        },
        {
            "type": "audio",
            "key": "sfx_digdug_die",
            "urls": [
                "assets/audio/sfx_digdug_die.mp3",
                "assets/audio/sfx_digdug_die.ogg"
            ],
            "autoDecode": true
        },
        {
            "type": "audio",
            "key": "sfx_digdug_hit",
            "urls": [
                "assets/audio/sfx_digdug_hit.ogg",
                "assets/audio/sfx_digdug_hit.mp3"
            ],
            "autoDecode": true
        },
        {
            "type": "audio",
            "key": "sfx_explosion",
            "urls": [
                "assets/audio/sfx_explosion.mp3",
                "assets/audio/sfx_explosion.ogg"
            ],
            "autoDecode": true
        },
        {
            "type": "audio",
            "key": "sfx_laser",
            "urls": [
                "assets/audio/sfx_laser.ogg",
                "assets/audio/sfx_laser.mp3"
            ],
            "autoDecode": true
        },
        {
            "type": "audio",
            "key": "sfx_machinegun",
            "urls": [
                "assets/audio/sfx_machinegun.ogg",
                "assets/audio/sfx_machinegun.mp3"
            ],
            "autoDecode": true
        },
        {
            "type": "audio",
            "key": "sfx_marge_groan",
            "urls": [
                "assets/audio/sfx_marge_groan.mp3",
                "assets/audio/sfx_marge_groan.ogg"
            ],
            "autoDecode": true
        },
        {
            "type": "audio",
            "key": "sfx_marge_hit",
            "urls": [
                "assets/audio/sfx_marge_hit.mp3",
                "assets/audio/sfx_marge_hit.ogg"
            ],
            "autoDecode": true
        },
        {
            "type": "audio",
            "key": "sfx_mario_mama_mia",
            "urls": [
                "assets/audio/sfx_mario_mama_mia.mp3",
                "assets/audio/sfx_mario_mama_mia.ogg"
            ],
            "autoDecode": true
        },
        {
            "type": "audio",
            "key": "sfx_mario_unh",
            "urls": [
                "assets/audio/sfx_mario_unh.mp3",
                "assets/audio/sfx_mario_unh.ogg"
            ],
            "autoDecode": true
        },
        {
            "type": "audio",
            "key": "sfx_rocket",
            "urls": [
                "assets/audio/sfx_rocket.mp3",
                "assets/audio/sfx_rocket.ogg"
            ],
            "autoDecode": true
        },
        {
            "type": "audio",
            "key": "sfx_shock",
            "urls": [
                "assets/audio/sfx_shock.ogg",
                "assets/audio/sfx_shock.mp3"
            ],
            "autoDecode": true
        },
        {
            "type": "image",
            "key": "bullet_blue",
            "url": "assets/sprites/bullets/bullet_blue.png",
            "overwrite": false
        },
        {
            "type": "image",
            "key": "black",
            "url": "assets/sprites/black.png",
            "overwrite": false
        },
        {
            "type": "audio",
            "key": "bgm_boss",
            "urls": [
                "assets/audio/bgm_boss.ogg",
                "assets/audio/bgm_boss.mp3",
                "assets/audio/bgm_boss.wav"
            ],
            "autoDecode": true
        },
        {
            "type": "audio",
            "key": "bgm_cqc",
            "urls": [
                "assets/audio/bgm_cqc.mp3",
                "assets/audio/bgm_cqc.ogg"
            ],
            "autoDecode": true
        },
        {
            "type": "audio",
            "key": "bgm_credits",
            "urls": [
                "assets/audio/bgm_credits.ogg",
                "assets/audio/bgm_credits.mp3"
            ],
            "autoDecode": true
        },
        {
            "type": "image",
            "key": "healthpack",
            "url": "assets/sprites/healthpack.png",
            "overwrite": false
        }
    ],
    "meta": {
        "generated": "1501612048096",
        "app": "Phaser Editor",
        "url": "http://phasereditor.boniatillo.com",
        "version": "1.0",
        "copyright": "Arian Fornaris (c) 2015,2016"
    }
}